autoformer,CNN,impactnet,informer,LSTM,nbeats,ANN,Proposed,Actual
1292.47800891384,1397.17765198512,1322.62529222668,1360.42805615956,1330.48541431086,1334.48262853794,1295.59007386272,1344.20540343476,1289.31799618766
1248.60482846944,1354.79150129068,1314.74499175432,1320.0226132438802,1274.71531215076,1255.813509436,1229.77534187218,1278.97119893874,1245.1730123285402
1237.9616841538,1269.0191337387,1257.68613749006,1272.87580049572,1236.83392087558,1238.18995764858,1206.56467314348,1236.40943841424,1209.643996860592
1180.94635980948,1222.01753175448,1198.70681258152,1272.8859861113,1210.06279220714,1250.34116913018,1173.3225580317,1211.13726069816,1163.85999843962
1221.03636420342,1261.1308916418002,1224.55190926,1267.19780191732,1198.06443508396,1241.8039928744,1174.836505155432,1215.43786076073,1166.77300560519
1240.5496369454,1285.02504848516,1240.87485786558,1330.2442378676,1238.72097709078,1301.94398708602,1219.19792195036,1238.93652294888,1209.37301039886
1341.28653208948,1333.76323656664,1315.69763607552,1417.66369484294,1294.99988668802,1345.89597018452,1267.12206721972,1286.0281475424,1268.37900023218
1426.28496816918,1384.1222874262,1395.47726777456,1512.0909605244,1358.37185911972,1443.41670023288,1339.74943328944,1361.01764727414,1335.36499035852
1386.94999663548,1498.88847430292,1452.98350022124,1582.0089879122002,1438.61680339832,1496.891778088,1418.45936497842,1440.44570868946,1389.76599501652
1518.22576906006,1589.321418402,1527.7508623712,1641.09004625828,1518.14985905066,1568.8018734592,1471.89392827656,1511.50100125504,1452.93798927796
1576.7971960035402,1663.77595417604,1589.62546165674,1694.4401268,1594.8926520942,1627.675257447,1534.9070900472,1591.45436694788,1519.8339918573602
1634.92390950396,1766.6344025990002,1663.7972019662,1767.56814830816,1642.88343337874,1674.6567161054,1590.21615723566,1664.1106594646,1598.33602128272
1678.7784718352,1817.86412198208,1716.5387051254002,1799.4355910026002,1687.18709194804,1681.96656951174,1658.2664652998,1739.10163181546,1657.9480114151002
1686.75088112728,1883.1897515818,1740.05331192176,1810.7743199471,1731.08706003548,1755.78833487486,1698.804514061,1797.4212584206,1741.3689919183998
1751.48087135532,1951.186011018,1793.95767578154,1862.82381483816,1755.34972228244,1775.91114921426,1735.2560447642,1839.45143850514,1816.2050412316
1674.6280175637398,1961.9768905875,1787.40136508514,1915.61969971772,1792.57067894466,1822.01666246396,1762.22683604166,1873.463277606,1816.47596808732
1730.38015026434,2030.2537365596,1848.45964250516,1940.7877422246,1811.8114645559,1811.1518539084,1770.9933551942,1898.8182726164,1862.41702133744
1761.00331745828,2017.5715056358,1843.06677103828,1946.4380415386,1810.9799606885,1854.6221678364,1767.7988235746002,1921.59080209454,1906.9700083487
1746.7603557038,1995.5102687238,1835.1055817014,1939.1855676844,1792.27924060834,1782.9595250709,1753.6944633292,1894.9558030388,1873.0009803894
1682.47222133648,1924.72385186588,1746.4259309141198,1876.1483531348,1732.49846027492,1758.9461912659,1681.52816729348,1825.27369274026,1879.98897886212
1652.5446387714,1872.2715079896,1713.10676626624,1822.27042629446,1688.5833978415,1708.90873237226,1645.99625216836,1768.35445679352,1823.57101194512
1641.253156357,1770.8141514722402,1665.07973050146,1757.5239742884,1639.668337685,1650.73933044854,1597.275314768,1715.2818948312,1741.88102509266
1490.00810766746,1677.029035383,1558.97873255688,1644.515708955,1553.8158000468802,1582.03658198952,1507.39346331222,1619.76120945314,1627.32196910764
1464.1247754854,1558.0407968957002,1445.1096687543,1537.6726687545602,1462.4381006576,1465.2969101802,1412.89698453212,1519.4278645414802,1531.3400208526
1385.42236467264,1480.91144133316,1462.04568272448,1455.34877196448,1438.1812587624,1463.72546779854,1416.95043878464,1422.2390172617002,1437.5240148242
1329.74116312632,1421.97242060744,1445.2457107111,1385.84355127214,1374.75313396116,1376.8831372688,1316.83214885804,1346.0878664808,1362.29598585738
1261.49213913688,1365.63562305384,1366.52952039086,1342.76523452894,1324.4600879943,1331.34833405282,1300.54804934734,1296.90570126582,1295.6189827785402
1189.145061573,1311.5246717689402,1302.57156826766,1316.13412739516,1284.61164572958,1320.0385490865,1253.9942112315,1267.56620213384,1272.85400923898
1260.99402571954,1304.42743651364,1325.87075192418,1382.908428523,1264.37114457884,1294.6480534366,1249.79372297232,1267.0915804977,1268.18699874882
1259.86133617974,1355.24014171806,1348.50362802244,1360.77499821176,1295.75947765506,1339.51661921904,1278.6310414532,1287.55481529034,1304.3399909878
1329.37658470704,1350.89935142534,1383.4143783778,1443.73362890492,1326.50322430504,1370.89415308838,1331.2314186134,1340.67132792092,1354.31800165006
1464.7545831269,1408.3483621005,1456.3138283611202,1549.059310414,1390.61527550044,1467.00476267344,1432.89145310274,1420.86164504264,1442.58098888228
1477.98189349926,1499.34291755088,1522.0732144164,1618.7828293597,1491.0510901592002,1535.21690106016,1507.15849290668,1517.77258805706,1541.37500853404
1618.9432221255202,1605.66982228094,1643.53128060446,1700.33922862056,1587.3191823342,1612.88697080744,1577.0941215992002,1598.0840982261202,1677.5170157783
1644.74629656554,1711.0919428112002,1708.17820810166,1844.1963750904,1692.62156490506,1714.57068992096,1655.6546701034,1695.54697538048,1745.57398569084
1791.8754449394,1833.3382634456,1843.56760178852,1938.86585155474,1788.1297330206,1781.31224280456,1736.1995728718,1783.8133811928,1803.9169988901
1788.37196133466,1889.9541573848,1901.6984701786,2005.82182830092,1854.28069551236,1892.9695203448,1819.03346921926,1874.40848870688,1826.17698678976
1925.5505171276,1920.33844472006,1961.355848536,2108.4966200822,1944.0833410969,1945.176322514,1867.36407489692,1946.9275120842,1866.68402289354
1988.8180913824,1997.9620042468,2011.9178753976,2181.79437847512,2001.5120681968,1986.8717797788,1923.36145127454,1993.0629159958,1841.19000562574
1996.92563100992,2053.8449195502,2022.6462563104,2225.29396947372,2062.3545543222,2055.367677845,1957.18740727386,2027.3421581852,1833.78499297436
1987.7015305282,2030.5992761174,2072.84458131172,2279.8072788708,2088.8783531032,2078.96206904154,1974.24312414108,2044.0015126038,1871.4359719508
2044.5959949176,2073.003168366,2046.64742347648,2303.1621415550003,2079.4343940931003,2103.31324621632,1963.8519379444,2061.31993420332,1907.5520435247
1961.400553045,2069.4506500508,2029.1240273204,2276.6605021855203,2040.49836209148,2018.3863548822,1945.49756385632,2024.610975653,1903.9180928784
1915.6006959186,1980.3340521332,1929.88166527132,2094.1806584942,1975.6774201016,1981.1226046096,1877.46341954014,1946.1770899243,1827.85401946856
1883.6809752454,1883.0663320746,1900.9516419106,2079.6841257522,1910.38822029392,1900.234266025,1822.9855757202,1877.42434253992,1825.1370021298
1851.76902088494,1786.81906694144,1865.80888391912,1986.5353564346,1834.2856484128,1862.9933939423,1751.5288366638,1818.71789044808,1810.5159980098
1692.30558291674,1725.8631365502602,1707.29235757626,1899.19366777374,1719.48012156816,1736.29822082166,1659.0389767465,1714.5835402758998,1719.5460037426
1595.6531546826,1635.77261145894,1617.4424829928,1766.2130231565202,1601.4816584413002,1617.62785769012,1543.8958519686,1600.51712798006,1598.6579989346
1411.31800374306,1446.166185317,1508.9546324224002,1570.69166453848,1506.27327350376,1462.3442211887,1429.8635027555,1471.5004058791,1498.85498974912
1384.33341542694,1393.9236195406002,1482.77994955992,1489.4045617336,1435.4726037965002,1369.19222613398,1335.50285555804,1394.56133374428,1423.16099954908
1332.607090308,1320.87708295708,1404.8638647637,1439.912813411,1390.1863225882,1356.2026560936,1315.85603028682,1336.00484336616,1368.89700106278
1322.0281627047,1308.6461747312,1341.8605730474,1404.11463472404,1354.05107190338,1320.5259158905,1272.3766176764,1309.1164486347002,1337.2439997621
1369.064055677,1313.73738718382,1345.8460238527,1391.93393579768,1342.4711840468,1304.9579650828,1269.08966167584,1301.59467832452,1348.2719885411
1366.05109448866,1256.3784517115,1374.49216481568,1428.6734862571002,1378.12946391736,1335.27484503096,1291.17221650272,1313.8212914113,1344.78198641378
1409.56188791128,1311.63809850354,1401.9459751645,1498.9889454955,1422.18987736416,1358.91269602272,1351.3693974235,1358.1161843906,1369.3940100157802
1477.27328320366,1375.9846642938,1471.08295342094,1559.5924816375,1502.0568143396,1464.771150092,1432.45866086208,1434.60624794326,1411.01299627342
1494.16697690532,1476.5883925946,1533.0716456259202,1654.75258570532,1596.8987450216,1524.92383687794,1512.17269088556,1526.84244921714,1473.8509864935
1564.42956210484,1554.41533134052,1665.48412223052,1789.18006107676,1686.07799937652,1599.62961199256,1585.22652043996,1603.250817471,1581.15998792716
1632.3720358808,1662.96611884712,1736.7122722309,1919.430031566,1761.12843748994,1713.76534257412,1680.2468133472798,1705.7477379000002,1751.75600569424
1649.41763725716,1715.190908007,1890.7127315434,2006.12266334972,1847.43112323692,1750.6720002413,1759.8873526642,1794.5377299342,1911.8020398362
1682.82331827834,1787.1092430328,1939.2300092257,2107.1884434306,1894.5782690775,1869.40494968544,1857.4636214908,1871.6503782822,1910.1080019128
1824.4255868454,1873.63799334588,2014.8859041716,2207.77890062814,1973.3310469704,1910.9260067716,1919.09015457934,1939.07021252,1841.4550244738
1760.69704774368,1902.0711830654,2052.6208925626,2270.3695434296,2011.9159469678,1948.87762795386,1991.50292147468,1989.606468547,1893.9809817749
1761.42280353332,1945.8340923876,2081.000892682,2312.3107001821,2052.35384009766,1992.19519271052,2044.1685847492,2010.1502065182,1899.85198111392
1795.98873310926,1950.7659639452,2118.3584347676,2381.6564221988,2059.83101108592,2022.9123796228,2057.86807992368,2027.7565952804,1930.9509971266
1761.96560392848,1958.6597283638,2097.73535067572,2361.37835172932,2061.0628569798,2052.2361708175,2058.26850960606,2047.840665712,1885.19701909826
1771.9693159848,1962.58034886546,2061.317760337,2439.6071401832,2038.5326610028,1983.1327297084,2031.49203392772,2010.9350774468,1927.1900330812
1709.37732328248,1899.7949346542,1954.26073455348,2358.63821076414,1971.2541280758,1939.02049409352,1955.93159625692,1940.658537428,1870.30401872056
1679.2211341302,1834.28848846396,1932.8660155739,2256.01248875568,1902.7875070802,1859.00590952012,1892.6139880144,1870.9891021726,1778.6690317336
1661.7684938166,1776.8607957036802,1896.98007579986,2102.1668122314,1840.91587056408,1837.61557333554,1827.78817235648,1820.72594686764,1742.238012511
1598.2758192106,1683.6318387687602,1740.36554223756,1957.04675461672,1742.3976339049,1727.14319318914,1722.0590983956,1715.0787084550002,1675.99501132424
1469.7793348761402,1553.30094435264,1661.84375517234,1829.3735870886,1629.996385679,1597.7588247124,1610.0225863696,1601.9114353190002,1599.6709855773602
1305.9952850034,1400.21031821978,1458.3736718864,1590.1562531936002,1469.12770091554,1442.22426443164,1380.80210983954,1440.25069184314,1513.52599279448
1320.4077557373,1320.65831136186,1427.8424206692,1520.669317522,1392.38576689982,1406.8718685897202,1297.0885690044,1366.84597572104,1444.5939890946
1221.53020001284,1315.25986497974,1368.24655922242,1458.50589204596,1345.83887113126,1337.44394287,1261.33825043884,1309.87095555954,1389.01701041338
1226.6967264147402,1294.14820443244,1308.52482390324,1430.93916336676,1311.72507068752,1304.7791470468,1224.23782063912,1279.6473239578,1347.0910006004
1298.9407381714,1297.33446133508,1307.32027405662,1422.9687526292,1294.16387730736,1312.87409928708,1213.4170679389,1275.85557516032,1334.63199419154
1280.73332796526,1185.83126533586,1328.29605042774,1424.89921604608,1317.6780107618602,1297.21851011056,1251.63870435552,1287.768467781,1339.6100078149
1296.24782620514,1237.34597158102,1386.21675503198,1494.91964305626,1354.0355392779002,1339.57219305964,1320.8025579109,1315.46915220658,1348.67799313872
1456.88979774884,1280.45526591928,1446.14248316164,1555.7939658045402,1418.7359368741,1427.3441845336,1391.88118447706,1383.92968988272,1383.71798335304
1433.34202195992,1389.22161681516,1509.22612027588,1641.25864361634,1498.98174018052,1475.77817157972,1474.770935164,1479.05736126754,1426.3300057706
1510.2415963462,1453.44158995464,1625.59704124508,1704.79803881704,1600.0541821098,1561.50038242572,1539.27791125126,1569.9526201144,1486.83901379004
1574.5730502593,1563.1398282546002,1697.53602800092,1760.24050075412,1691.51455854396,1654.17754547014,1633.8895348216,1677.33921455074,1547.21401346956
1587.0023413180602,1600.000536699,1809.69776524566,1840.48299066752,1766.75841816632,1706.22735592244,1694.6003617852002,1770.79774228776,1594.2029754730002
1596.66761394448,1618.7925591646,1853.020168608,1877.29967831894,1832.5622457629,1821.753309078,1780.3322147802,1858.50052066308,1635.2090190843
1805.82970322164,1712.8457620584,1928.32670219886,1909.8734347244,1921.69676054646,1877.94743788876,1842.10865698892,1933.0382594174,1651.9490169309
1699.28393924046,1796.42834497894,1957.74593313748,1986.313236384,1966.6092419348,1888.2257583486,1896.5532441604,2001.6069118806,1693.88600126256
1765.52930713652,1818.63037479752,1997.0619534656,1976.49935194472,2015.87038511568,1905.64345902046,1940.1946624052,2035.7052322924,1693.4429883439602
1706.1477293028802,1814.7913268764,2033.9302879733,2002.963474589,2044.05240561934,1936.59435409332,1950.3268078862,2063.98244710346,1712.7659951894002
1700.46389284154,1841.11043159972,2025.573437435,2041.0082389306003,2052.11506542606,1949.8297989332,1932.8368261592,2097.492473708,1793.812990953
1703.31966947,1800.2041579338,1983.9922834638,2005.53028477752,2011.2339840658,1924.3511214479,1902.5525892682,2055.07934252754,1857.69597975052
1613.02609825192,1744.7557529267,1876.65530226686,1956.50632093086,1919.519440584,1866.19656843364,1823.17582408556,1981.753376466,1830.85001047466
1635.5092931353402,1716.76620724826,1862.1677630202,1907.6041987852,1860.7412509036,1830.54970136126,1774.9241963738,1912.7043696708,1785.75401269408
1642.4951177417402,1661.94385821014,1817.9926080003,1783.3069054026,1806.14158291384,1788.0464599156,1712.80954264052,1866.4853420306,1681.69797430296
1534.15154878274,1600.89294388572,1676.69902845068,1695.91057205368,1696.785798684,1659.5060950376,1608.25030678986,1747.2727044393,1579.79800808414
1384.84621997312,1489.64154822484,1593.41221406792,1569.141277104,1585.35625117196,1553.81944653232,1504.2497896458,1633.41657864756,1480.63202938632
1320.59320055934,1394.24079364916,1438.63477285782,1406.88024849376,1423.96317375234,1438.8228999504,1385.47892025932,1439.29724108766,1407.6379986869
1268.38527639462,1371.76743375772,1432.97526967432,1344.49799882896,1361.89708138766,1355.66820054012,1300.30916948866,1367.7162585586,1339.40399891872
1224.66593205472,1287.20568184064,1366.5880394697,1271.0894784408,1313.59454312918,1324.6766857232,1270.10774989198,1319.22252525104,1293.34799372134
1207.9494084581402,1266.38155017652,1284.7403070596,1295.72155771272,1281.54286526412,1322.22814087496,1222.73446936058,1291.18334880202,1271.00601249282
1254.06654488018,1281.1177516803,1313.1162750076,1281.91249266324,1252.4454191344,1307.62636845942,1221.229021352912,1293.5052834683,1285.44399109362
1267.62905141414,1262.43668405292,1339.77090898494,1307.1598812908,1285.74302043088,1345.44178990426,1268.4898674145002,1318.03498064902,1326.6109884685
1337.30607767048,1326.5029963997,1398.6383674339,1376.48160312208,1320.60047599904,1388.71394890472,1342.58389200302,1374.55936182862,1372.03399534962
1484.05821801844,1350.0949682934,1480.76933358808,1467.84494447494,1379.7728016682,1485.0086183486,1400.48436562554,1458.10181587814,1431.86899962278
1446.4980505544002,1493.40489651072,1561.9775110206,1555.7751548484,1477.2652714544,1541.39218909044,1505.2765908584,1543.30161509132,1508.79900813754
1545.63171928748,1554.8270335716402,1655.6274967744,1673.60873722736,1599.1321647600598,1644.2468683097,1574.3447066398,1629.5143658849,1567.98600740436
1624.5515517946,1722.6737415664,1736.3445557304,1776.22714873376,1704.1499461548,1723.3453084786602,1669.7394304895602,1726.4272548603,1629.8840108152
1690.8644673272,1782.20633298456,1848.24737497772,1891.5556306778,1793.6950061116,1780.3918558545602,1738.8736037572,1808.91953863428,1659.57399329774
1684.77171609236,1849.74722002026,1906.7687504023,1955.1438502148,1865.5019304885,1886.82073945868,1826.96915068924,1890.0344501892,1681.368002433
1742.58274563452,1913.1948920872,1961.32839470812,2049.3867404762,1945.92097691568,1923.05330572368,1899.9611302406,1950.98412194912,1700.3939784957
1781.7645121862,2010.2969424948,2034.15642266412,2048.50625449188,2001.1653014564,1952.3996946094,1942.536126806,2000.93611634026,1650.93499594852
1791.709249353,2011.56449940234,2021.29570679674,2169.8773134336,2060.33822318568,1993.5011954958,1984.87925598472,2024.67496446,1706.3520376746
1777.96666253808,2027.8386412028,2093.0986340646,2203.1769132846,2082.022960476,2005.9958427936,2005.5964825132,2034.4405329672,1740.96398659804
1732.1260804805402,2030.5973476876,2072.9991361946,2241.83975690828,2092.37189652888,2032.33111126488,1983.5815279164,2049.56864399988,1766.3929982504
1749.6830663775,2002.4052818178,2067.36910292468,2212.8365934646,2074.95714109526,1973.7212910372,1954.0981153278,2002.231547824,1767.09901393136
1700.8362025112,1962.16748957646,1950.1388736366,2129.183587794,2000.48218149652,1921.3261163389,1869.00604521572,1923.01713889934,1815.71499215706
1680.3580311532,1870.49617798454,1917.7279292998,2043.9725861568,1947.2443005068,1859.73485598452,1807.32790033326,1857.8936613362,1770.6479909482
1647.10027822886,1771.57689805168,1857.87151945586,1954.9802843054,1862.8979366672,1811.51078728772,1757.21952781652,1801.09346210166,1731.31798073844
1493.15055415128,1690.6074952907602,1726.85655839614,1789.43435084266,1753.19542075932,1703.464301705,1650.83196520366,1689.35408604548,1664.62998560974
1440.55706674482,1563.8966492952,1607.87950480168,1694.98319016286,1622.4292271438,1567.01223801126,1538.33385720826,1576.55843886312,1563.89501889546
1425.5112120087,1504.0825421886,1494.160420244,1530.36609367888,1492.67365346174,1461.5091234294,1440.89860919358,1484.06151388028,1462.3290216556402
1345.2846930002802,1392.82129400456,1462.96654301634,1459.6670346909,1425.07300263342,1375.428750576,1347.82869512362,1411.43460362124,1395.78101299924
1263.20845919006,1390.9253494811,1390.44515292972,1417.34853682008,1381.54164513666,1365.86833193716,1318.7255513604,1366.4496308036,1351.3700110148
1299.73826661196,1351.88207925142,1316.46660622386,1402.41444335646,1344.29116596732,1349.7654697653002,1289.17012068436,1332.81572888118,1313.92598761826
1301.29379068218,1348.04886921324,1343.86566669754,1425.1375173758202,1326.3630975833,1340.87931784044,1272.03391816976,1340.88746983914,1312.11999557938
1302.92334892554,1358.96386953714,1361.52070448424,1440.11803340408,1371.93289303456,1408.61315304322,1297.74060618214,1363.38512794606,1332.9790142917
1399.65161704436,1402.13529437732,1421.85792447086,1565.13457850854,1419.99236148234,1470.52448015086,1373.88155381628,1425.2513122652,1344.1690087050802
1544.99833528526,1526.7795473433,1514.04246135728,1659.18031311966,1503.46714517706,1566.75924555268,1454.7229789632,1504.62921697454,1377.6579978936202
1591.00577911404,1614.7752892676,1599.19438291788,1750.94858966816,1617.7818866376,1631.7219096016802,1525.12842574854,1580.15622268508,1450.0600357068
1638.1113409956602,1690.88487362072,1688.47843866684,1812.13514273224,1714.18493383624,1710.8542200104,1595.6110798506002,1666.64379225634,1542.6890055374
1682.63825914226,1793.3592840146,1764.01738311096,1873.16547545134,1785.7207735768002,1770.72553135734,1687.33233777434,1757.3107951396,1644.8570059672402
1805.82996618934,1848.17292005626,1881.59024178096,1948.9083601124,1870.2271970898,1824.6076481497,1767.0037845616,1843.10809202954,1707.9940079934
1809.29102433848,1850.22632963848,1951.7533200028,2063.1282052956,1926.61967367108,1841.09481131834,1863.29158178292,1928.9341225235,1809.32801512828
1906.8210809746,1959.025954714,2005.08586936452,2070.8961834977,1991.56989058228,1926.146226624,1916.0808749388,1993.16698108028,1890.6469896184
1945.0015366494,1976.3335245131,2071.4080939537,2165.2590746862,2031.2207564484,1937.9032495233,1973.513721866,2026.080088537,1941.70297500768
1961.39411910194,1991.39201923,2059.39171477748,2126.7609540298,2072.0045923532,1985.4492998336,2015.3550385484,2052.0278127432,1921.35996904748
1925.9106952207,2007.3194468836,2127.4192498388,2165.1901771488,2055.08572387706,1963.8068828118,2013.721483196,2056.04571376268,1992.6050015742
1906.88589374706,1966.6919891044,2105.08357983508,2179.8307285345,2062.5293401868,2013.7265672382,2020.2776185806,2062.699217321,2029.034968926
1920.249614231,2019.9125317571,2096.04329377566,2090.709660166,2075.8382231397,1946.8293374762,1998.18948883848,2012.5938776984,2027.12804988386
1846.363579562,1942.75041041914,1979.0775924626,2086.5360121434,2007.10481264686,1910.0454156002,1919.61158446608,1937.042731553,1982.4120228986
1826.8827570342,1837.18981109806,1944.44625405408,2005.37313528,1945.24509733314,1860.66616485966,1846.94130206772,1870.6489972806,1944.15397422112
1765.6480984122,1803.29395828408,1884.5240496916,1878.9596531596,1871.18013944106,1783.88655633812,1778.8003402718,1801.865061927,1881.6070366514
1630.2888057614,1674.3539526268,1745.23945571408,1757.81739364806,1777.1147173148,1715.91782085452,1674.3536020032,1702.9415219174,1808.89299642776
1533.05288726332,1576.9368669146002,1628.25217351844,1602.8859585528398,1644.91552504608,1579.19309471824,1551.1508853750802,1593.09418093154,1718.4609990124
1422.5973545809,1570.9789830475002,1572.9132857928,1686.40954905268,1578.88577313284,1566.4346382238,1536.61943052252,1572.3251672973402,1604.6710183628002
1410.00062322196,1470.7959154108,1527.91455099886,1595.271500894,1495.23715025724,1462.33936505184,1422.45458065098,1488.63955363194,1516.290028758
1302.5023727002,1428.37803328056,1448.54965442508,1516.04890490828,1446.77832152906,1454.96213932076,1392.72599451008,1428.0532681710602,1445.7640200478
1341.97165060388,1377.6444287603,1371.1412024769402,1520.7524153152,1396.78623332926,1430.6913250751,1337.63324455164,1391.99108744448,1405.59698364894
1354.95599635262,1366.61437130206,1385.25175122888,1494.92612959286,1366.88386060102,1385.30963918524,1319.77651053904,1391.32616484944,1393.9720055974
1348.53748073102,1390.7804192160402,1408.70377171264,1506.94156208536,1398.6466947444,1450.1380494578,1355.25691905732,1404.9677370052,1427.88200607364
1435.59658430146,1412.8948106658,1460.838906418,1624.86073168508,1431.5963722426,1494.92257076332,1424.40879881676,1456.3405809418,1508.19700494752
1584.1928470048,1544.63526454746,1542.664812509,1681.1204621714,1488.41813482854,1585.0704578756,1501.9720510843,1540.3547289204,1615.32099983864
1603.289386067,1650.9570151106,1636.15505415064,1797.02677180824,1606.0603643778,1661.73523716814,1623.203929988,1630.9265374962602,1744.31202122972
1710.87932466016,1739.28439436696,1751.6928408527,1918.1557777477,1719.72573339996,1773.4244039248,1696.1837779628,1725.7616836116,1884.6380023616
1753.8745085478,1852.48339893876,1823.97445699046,2067.3600568358,1803.3965858118,1860.90278319612,1793.0340806256,1839.0791989602,2027.465928316
1908.7538935696,1927.9175770512,1976.32986049648,2136.197812912,1940.2777601984,1919.8968868894,1921.29121175952,1941.119607462,2055.54800356248
1880.1486177872,1977.8612791942,2045.4168047652,2231.2665970632,2003.5372701104,2041.043827226,2043.6389678014,2043.61885953794,2153.7740480446
2057.9116273748,2100.0916464548,2120.2309401034,2265.8528978703,2110.71841664832,2074.3571013974,2124.4485913878,2121.932691746,2214.7399536772
2074.0802840652,2099.9478907788,2180.311521146,2328.07633257548,2170.1471182938,2129.0694598122,2180.73116500166,2170.0690168869,2293.29394552008
2128.5596530978,2142.2895473384,2194.8359284642,2295.58488506012,2239.6014459706,2162.41734053292,2239.85238728112,2195.90995867572,2350.335040699
2032.526303423,2149.4245622866,2258.6226009588,2313.4869547042,2254.3265852998,2144.4412367157,2234.6148771314,2200.5624884112,2394.15101690306
2037.2513070566,2158.7497475522,2223.41443413474,2267.01821293608,2247.95599992432,2194.1297725338,2224.61852817068,2209.7900250042,2416.9010188149
2028.7876039762,2220.45664356986,2214.5774396386,2262.7099955758,2214.510470531,2114.63276098754,2206.9469935436,2148.9599860166,2412.02000521048
1973.689910225,2105.62297918132,2073.8010123678,2205.18475933,2123.9627147341,2038.06605111592,2109.1122449990803,2061.60008245972,2336.9769827862
1944.2697851962,1992.734907618,2045.05659160974,2083.5760477122,2052.94830488028,1999.2409038278,2038.6400394803,1982.263533804,2229.1069309990003
1833.14850595328,1934.6618219972,1991.5149128018,2016.6931935178,1975.8194226596,1896.5023160825,1946.08659397314,1918.78775925552,2205.1419832508
1731.59066071216,1815.0421980622,1819.2990315339,1921.3661750852,1849.49329840914,1829.87487364952,1845.73512182136,1807.8645823466,2090.41397928412
1562.63748982288,1684.3571913412602,1706.5468090844,1738.39854384156,1721.11827008972,1662.28194701644,1698.8663991264,1681.3114994398602,1939.68895798692
1470.7951265077,1685.59727688974,1756.93191127744,1882.0624967078,1787.6170336615,1773.8052337479398,1713.54799100448,1767.99724146984,1797.35002923626
1461.6092615295602,1594.34027967476,1695.2076418604,1827.017045873,1697.69422936924,1646.49483892756,1573.78595287084,1659.48072742014,1689.28799349688
1403.4709248568,1536.22340116632,1587.746241879,1728.76901729116,1617.31489106476,1619.04406147288,1547.59934880596,1578.09168080356,1608.41301367144
1404.32038065252,1498.64109182194,1509.6520227628,1656.8105884567,1564.3186247978,1565.27039256,1481.2672892248002,1536.2558864428602,1553.07002364968
1503.63297260868,1451.86509859314,1510.2181922209002,1635.96315785436,1541.79261877282,1541.97275164732,1451.5215225275,1515.78229072284,1510.8879709528
1454.1843334577002,1467.1585461844002,1528.6034913105,1691.2221910551,1579.44862919792,1594.66008346032,1496.91004557756,1535.7037068664,1517.8659941841
1522.27804872352,1514.5302489096,1583.61831517384,1731.9795899404598,1604.2714827706,1627.90495096736,1545.0665841690002,1580.5866832788,1591.1309868016
1693.65793814194,1622.63535875824,1687.5982331814,1850.297576354,1690.70342590772,1724.8628074194598,1652.78975973016,1688.26375183656,1710.27597156928
1673.34666361754,1711.3179197214,1763.21680424508,1955.1485836334,1834.2753050166,1816.69796541966,1759.02127730984,1812.28038855854,1861.379035232
1804.8841064348,1836.02993069808,1909.472321326,2009.45497251294,1975.76497081452,1976.6931766708,1853.2760361801,1917.8581859672,2019.9870392721
1863.6406451079,1920.83666332448,1983.26847363514,2083.73253102488,2081.788042664,2052.64045735948,1978.9725806944,2065.5837100223,2156.2629496692
1866.44421388232,1995.07419815248,2196.2817248788,2182.2888629382,2222.3941545211,2149.85851158514,2091.8830220434,2199.77435668312,2265.7039704962
1853.99616446096,2105.3792256546,2262.6126975268,2136.97994897652,2330.4468812039,2275.187637629,2214.1338131287,2311.96514309312,2367.8700775586003
2072.11218120486,2198.9827537814,2357.78607269788,2198.8392260107403,2423.94015573968,2305.58067302308,2275.4077240627203,2385.2124467500003,2377.5860328264
1974.2004181866,2197.5793828224,2389.1723896884,2256.9697613084,2455.6111790934,2370.6610414146,2289.51492435928,2438.744781439,2419.80595287208
2104.43843241108,2260.88336933806,2422.3206078001,2131.2678697842,2476.2754439271,2347.72559468072,2320.8282239851,2426.85857127428,2449.88695079334
2032.32756996652,2243.9410266119,2479.9940701728,2144.26327770752,2465.7273712006,2306.5571597490803,2264.7848107288,2413.062479298,2474.3840049169003
1970.0351851304,2267.7584494804,2451.6631573574,2084.12908631648,2420.3305559024,2326.1031807353,2211.2607156944,2387.8924382366,2463.6869171604
2020.341256764,2276.3184863949,2433.93135053348,2072.8316257697,2371.4044511025,2329.2566017378,2220.14106479868,2319.83867653,2366.0549868373
1933.3583787642,2159.82944033486,2251.562619461,2030.483044394,2299.7842337926,2211.1255502966,2120.2279598028,2229.4456333966,2312.5690221194
1892.31816688308,2051.0737659276,2216.9274943176,1966.02550623434,2207.8579136564,2156.9677031052,2038.5689505454,2136.232875272,2216.2530698230003
1811.95676297574,1992.35600622466,2156.7368174646,1871.149161846,2136.57252435332,1982.96085401968,1954.1729734664,2079.4597266482,2119.7549685664
1740.1039419696,1862.50185471746,1967.7957521972005,1804.00593456624,1993.2016752855,1983.76974266488,1874.0810763892,1948.4902414694,2004.138063649
1581.8257870812,1731.6034234112,1868.7153081266,1677.48137488936,1850.0058575188,1772.353073515,1720.5613220323,1806.945597891,1870.2939908856
1483.15655436868,1724.34050097372,1735.1792581958,1828.177609989,1748.09819511196,1755.4263686014,1722.5098250334,1750.205057262,1752.71897588046
1508.1129604706,1634.4520227319,1667.5264345758,1744.267246596,1660.6059136149,1649.19663920208,1595.98146109046,1650.00249495314,1654.86198026852
1447.9372727765,1560.5110278136,1581.6487221632,1666.97607824206,1586.33415792354,1617.55780309484,1566.21123839706,1570.00437215776,1598.00201724136
1429.87935094222,1551.87408161244,1516.6779061155,1591.76111000434,1535.8763889894,1547.42859511276,1496.569204376,1526.40916610344,1554.1119718018
1577.7400579263,1499.42647115476,1501.73166354414,1592.8470614182602,1517.4702277956,1524.3355255395,1486.89967167284,1512.5274869064,1544.3169509122
1482.17983973734,1515.85725404852,1517.39316072832,1619.1198662952002,1540.4853888049402,1543.94550027036,1524.01342516936,1536.7147826105402,1584.3259963169
1555.06700036348,1578.43090913656,1590.86325062064,1684.25289835144,1577.66136045928,1591.72098113332,1585.4109133912,1593.9401830848,1629.7520010298
1671.74753950266,1702.57550594136,1703.13063075606,1759.9133864665,1665.30270957988,1685.4522414376002,1683.63027849374,1692.62386148964,1718.32201181736
1713.07391283492,1764.31560601394,1744.5088262564,1902.998056552,1784.1271016588998,1750.97758623988,1757.1461773594,1803.677785939,1808.9850000604
1810.4311470986,1900.936389784,1879.85998443968,2037.51788617968,1914.7322012614,1909.7251209416,1854.50248247054,1911.4023289322,1893.2509834397
1868.4214855498,1955.34047992968,1948.9248394216,2149.7385457204,1987.9995605882,2004.8640298128,1963.15745777988,2037.9387922803,1964.6929963049
1846.71031124004,2032.4021826686,2122.54495067632,2228.3459024752,2134.77680558592,2074.63486541332,2069.9512528957,2159.0930080566,2007.22800424872
1874.359120904,2161.6765780532,2190.1189015175,2283.825250015,2233.6461041246,2220.1874172386,2157.85607812052,2254.4702533199,2097.098022158
2133.49247133912,2233.435379341,2260.47939835732,2302.3926980648,2325.1066208082,2263.12769347048,2214.64342700012,2316.6951606442,2200.68899340608
1989.5545762542,2210.63127620768,2253.85802945194,2399.5149969853,2352.13554547854,2320.0237181349,2229.6754671664,2362.5887219277,2253.6600498362
2174.3539002466,2289.1312369538,2280.90409961632,2290.4269664676,2361.1019902078,2299.3152747276,2249.68986868868,2345.7499358818,2295.6989429172
2086.40810465412,2257.4450315982,2324.85708199208,2355.90318890352,2355.1808341628,2249.7456879658,2209.11517976128,2342.99024765092,2299.7410194339
2071.59618598392,2273.9086503921,2339.2861898158003,2217.60447836448,2337.6596469354,2293.55372254532,2180.3576281494,2312.9608439924,2288.0679708868
2077.5935325372,2279.6815803102,2318.2580653412,2220.8454500799,2282.4714922954,2283.7105960978,2151.33972098334,2251.8511826838,2242.6049753841
1933.0036353369,2162.6581488214,2145.4058898952,2147.07773334472,2210.4810164639,2155.5638938667,2089.16351527708,2171.11845085288,2158.2069822194
1908.643973071,2044.3327642499005,2096.4592736147,2002.1840383262,2113.9842300458,2137.81934187492,2000.63715712772,2087.8077239406,2038.6949997296
1830.5813100788,2001.2441917664,2015.6839234852,1981.1229552332,2042.5485284054,1975.4586309752,1911.0602079545,2032.5469025595005,1931.9629844921
1796.26286817092,1847.65573271508,1883.0885966732,1874.35258177386,1914.630871041,1956.37904456406,1835.4614646554,1901.03381055126,1838.31401554674
1611.707858703,1727.623144304,1805.52799161384,1644.098466871,1783.2600094961,1762.7723888320802,1701.3247088419,1771.3970982696,1719.96601575304
1468.53428800372,1570.6918223191,1590.7442489708,1694.77016879468,1618.8402439742,1654.24537360556,1623.7229405719,1600.98568382792,1608.8139868204
1459.24749602232,1524.43245543372,1545.34405015486,1575.7362791146602,1541.59386778516,1547.53507950008,1518.7149065132398,1521.9106477842602,1490.14599039816
1377.9965425106,1411.21688389682,1474.79928308206,1533.89003617068,1473.79728848916,1492.02505239528,1469.71448704132,1461.6495481812,1409.69700071554
1372.06351785674,1411.22231856262,1421.1724378016802,1501.035272481,1435.13062306824,1471.2222737084,1409.79173921226,1424.25329725016,1360.4990223762
1480.60334837584,1410.70476306666,1401.3604337525,1493.3222545282,1428.22154996788,1441.22368986432,1413.92925547288,1429.50058979832,1345.15199949886
1408.04214497944,1381.1863407116,1425.1326261766,1527.48445855992,1446.68365315706,1465.580214049,1431.18109365076,1445.6103943174598,1336.79199334816
1450.37992714826,1425.52949702944,1487.43672184096,1600.1682224357,1488.92513655414,1493.12913104932,1489.55617137824,1508.2476875889,1333.6069811593002
1561.80013054136,1492.48859432566,1577.9073930394,1657.10015095676,1566.3369895512,1586.7850072796,1577.8265742996,1587.3355739875,1363.2600079144
1580.92498245926,1608.9959604688,1630.0070446364402,1775.09642268612,1649.61289954,1645.4965083512802,1660.19906752064,1654.7020257822,1474.77100528872
1731.381829296,1700.8844132562,1746.73987928556,1957.98909060408,1759.98863029106,1786.85386633374,1756.0890121430402,1744.2211395926,1575.13899181206
1769.9572624562002,1853.56496755768,1807.2981499208,2105.228983442,1796.41156763968,1891.2060589486,1862.0141898834,1831.44426488312,1692.2550054624398
1786.03672050276,1938.8435343626,1942.8781601278,2268.480208161,1927.3139785238,1956.78697759148,1978.9196365308,1914.93934968428,1757.9789960653002
1802.250747887,2008.07826647872,2010.13961768548,2343.2466586896,1986.4818863356,2102.5763405962,2060.9766035742,1989.53518676912,1856.99497798704
2001.74395311466,2070.24330482332,2053.0057019636,2418.8088494784,2082.4324888408,2158.9091059784,2119.1824002276,2041.5499523926,1925.4840739554
1958.971608056,2153.24506221928,2073.9668573306,2495.6136503056,2107.740324977,2190.8212005883,2175.22286824566,2064.4724085221,2006.1730830234
2041.702999594,2198.3539103548,2091.74617365232,2499.74164713548,2131.99622018848,2214.3177152069,2201.06254778952,2068.68090853054,2000.9970021284
1980.6916882052,2160.0337311754,2136.7039380786,2482.03107057054,2156.8756644102,2197.17611308886,2213.1011389708,2073.4637124646,2016.91596222206
1958.4606618149,2172.88010653754,2142.529198569,2436.55748623512,2157.6587822208,2241.4459014184,2184.41634175592,2072.59902207346,2015.2829853986
1939.3433483044,2170.4020216510003,2132.2469861872,2413.178185086,2110.16323924008,2197.7487340212,2156.858308542,2014.9362186582,1993.8339372922
1841.5814242816,2098.1575190213,1988.1550621548,2363.5616147618,2026.17516012614,2108.2226077388,2093.5852996214003,1947.5195400328,2028.1670002042
1797.42202979252,1969.92992792568,1943.3912977664,2226.51101905168,1945.93707053892,2068.5569104944,2016.877972155,1874.4814885404,1993.2000098234
1808.3810509094,1877.78850021088,1878.5304022173,2154.8245163502,1864.6563140212,1967.14892177992,1926.19543664626,1824.318120712,1943.75103758
1672.40094411244,1772.424074794,1773.90665162424,1988.3607028962,1761.152402613,1878.2959226848,1833.038129644,1718.3615972218,1856.65599509056
1541.30013286426,1654.2582239605,1671.7976436151,1834.28640225354,1642.0820305474,1726.22839868556,1715.5904435992,1607.9623220960002,1765.01900954908
1499.6341805754,1543.24407775856,1567.2211746145,1693.93657871686,1623.8421175335402,1643.9329725318,1590.1527469576,1646.1787517521602,1676.4399877350002
1500.7077900386,1479.5269689862,1537.62277501628,1605.46565415866,1546.47638907106,1550.16728099,1471.59423275446,1565.17146411126,1587.04101510114
1334.20197187732,1416.43735373958,1446.86929082208,1550.0106398967,1497.93800384804,1472.9838943307,1444.72522750808,1508.774411892,1522.9400085491402
1369.03018543724,1370.69010768436,1397.96799264188,1511.83016669072,1446.44191571604,1459.0756203336,1398.72134250884,1465.10087652544,1458.83698591144
1413.51578259258,1361.15027065084,1383.89792338456,1505.46277199,1418.6374291736802,1429.01445017692,1380.78527990674,1458.7200003473,1432.07500851896
1320.81523295404,1323.64257400854,1414.5651814962,1532.0762427567,1422.9748008863,1423.3003548989,1402.0088244448,1450.21497627564,1427.1689954518602
1398.6525501585202,1345.09660097006,1413.94882026976,1590.3235883067,1461.7899729330002,1439.8433899382,1451.51962916006,1487.03808033894,1428.8239914374
1476.68758401104,1425.57623515532,1491.6291808197002,1683.7897596382,1537.40365279746,1520.4337861187,1537.12580112564,1539.39933220394,1447.56699672372
1562.43214711154,1534.13163336226,1572.7398673602402,1770.88452162876,1653.32891363988,1608.57000538834,1609.435817775,1605.11010429708,1491.8220237997002
1661.55911893386,1605.6759932563,1703.3846575542602,1884.79168068548,1742.74157812532,1722.9010508462802,1706.0823204703,1689.541915108,1523.7830304018
1690.9552613084202,1736.4381722316,1777.21162967784,2016.9756208276,1813.8162426448,1868.8460030735,1791.944167165,1786.7357412429,1562.11700661986
1803.7947189096,1817.3121352486,1954.10482976974,2107.7038601226,1953.7529263936,1963.58118640048,1921.17345482346,1873.0917919018,1575.80300278574
1906.3899892584,1884.34079626706,2030.5608828332,2212.57737743712,2020.3750919414,2114.3900768628,2026.63379332612,1955.149810816,1601.72199338792
2130.14154406274,1979.9040122878,2074.0262003749,2274.83268382754,2104.6920033986003,2158.88971649332,2073.7121292852,2005.93897164568,1646.5800054
2130.6621675152,2026.729618756,2159.5144576238,2328.82891107052,2151.9453706588,2217.6098078432,2142.1162516241,2026.39063585952,1727.0979978071
2103.09924310206,2083.048534506,2163.04378218786,2316.134338196,2185.63391726928,2242.3890789024,2166.3756355404,2034.2939723024,1821.83598612288
2031.2391641874,2052.8014637166,2214.34906095674,2293.28204184886,2185.5394943338,2261.3444919656,2191.009923741,2025.6752935908,1875.71799772816
2193.8501502128,2058.2411259029,2172.76266516272,2295.266974642,2179.456876121,2290.73751379012,2188.2313193669,2037.1420878052,1833.51001641606
2050.1414577752003,2094.3931363958,2152.448340213,2233.1324405506,2139.4158363128,2258.4008315318,2171.3025983676,1980.0766944108,1788.41401863548
1871.37752299668,1993.999782255,2037.1951020935203,2157.2758135937,2067.0927063408,2158.638599871,2105.24346419668,1910.2303695492,1757.97298287056
1878.7172845961,1924.7496928252,1999.4305911954,2139.1151765758,2001.4940987373,2083.4461416684,2016.23370129,1844.4756467878,1707.82600669546
1950.2781588617,1858.8982856061,1969.2405843969,2024.4362774443,1944.0522232524,2018.1353960405,1942.7233598084,1807.33379080974,1708.62397341552
1753.89829835906,1766.20814948848,1834.58599258856,1885.6392080514,1827.8378557206,1877.95050584526,1864.90469577944,1716.2530345473,1641.4870222982
1655.5198553292,1629.3120560677,1708.81765789216,1778.19449775336,1699.52480012248,1755.93817387032,1724.9610346210002,1611.68115871586,1550.36498010686
1392.51614628548,1462.87420629128,1416.9628333289002,1508.036349214,1423.04497819984,1492.2762566735,1436.18913818546,1478.78781937504,1441.31201194916
1340.2417438862,1380.93806414044,1396.55520743922,1447.44855607164,1352.9335468342802,1399.6266877064,1350.5184339463,1406.0742174309,1386.04498453034
1268.35875171928,1355.18758324042,1338.388873472,1401.45610140176,1300.5259951229,1368.80552336554,1313.72103059288,1353.47403311368,1342.31301774084
1221.200834721708,1296.13737977114,1289.50841986482,1380.99688124934,1269.71727791984,1379.71971725516,1282.7213287149,1314.5855807345802,1316.29501103402
1350.07508793528,1284.21828111274,1275.7913409168,1349.52247007932,1247.4379881910002,1340.20189551406,1250.18887576952,1310.78736293168,1315.79998310436
1242.51758202512,1282.96604645652,1304.22503904054,1380.86697520554,1277.37971841834,1354.77503951266,1294.62852370208,1319.67984361252,1362.2510008495
1330.327160349,1341.92244058162,1318.37592703766,1435.0410738008,1313.0749014228,1404.66046801334,1314.3499967377402,1342.29187513776,1415.32300181406
1421.71748218788,1404.51111989092,1366.61044431774,1485.97674270174,1365.24055791254,1449.61863565676,1378.1851780074,1397.0258494975,1493.42099013396
1387.8403877365,1513.57343216756,1424.25149153862,1567.8353795058,1447.7142761669002,1498.37603791152,1449.9557251858,1487.37020854404,1547.81799768292
1525.00768851188,1552.49671900132,1549.82233749232,1622.68390259566,1540.25853533574,1580.3718386679002,1522.049897947,1584.40807730166,1614.51498630696
1619.2865001611,1647.33921068108,1600.2940086522,1677.2574666584,1650.27193165856,1690.06423908492,1591.17018652008,1678.5699559802802,1691.6269860013
1718.74542487672,1697.74961036686,1717.4000119988,1720.1992155094,1725.8854011488602,1714.6451623736002,1662.5081343008,1773.94520268906,1759.22702323832
1742.6620040993,1703.7040405915,1765.88015864186,1762.64542802652,1788.8837490724,1823.50199168946,1748.082907923,1877.2458050028,1841.59199558314
1812.18598315424,1813.22146230094,1801.4555335622,1773.3853093934,1878.64314523588,1867.00607067014,1773.60387061446,1956.1196356936,1900.6990176068
1952.4551807941,1842.923962046,1839.76105667512,1815.95606341324,1932.7698570516,1889.3900040124,1817.42848969026,2010.89375645554,1969.0040011228
1827.9942338462,1866.84145288994,1866.98825899126,1826.0837735057,1993.09927566312,1963.83552875992,1861.9453800019,2061.6354253186,1954.069013569
1962.62871739108,1869.23033913264,1902.8602614772,1842.8271022765,2030.4776973841,1934.6280920068805,1896.3858213914,2102.2851476964,1998.0119681098
1950.4363777612,1898.25802869714,1893.3662509482,1827.06215359914,2027.474693906,1990.54836625486,1900.0959450148,2134.765515506,2042.6279446508
1900.7992959564,1930.0090468252,1863.98416858,1832.114236458,1996.9714925768,1932.5137265118,1881.61401406104,2090.03090546994,2019.9750304138
1846.6708134915,1806.99841933634,1788.01704259556,1781.57049461714,1915.9116990518,1892.6122348964,1802.57237491528,2007.8234683086,1955.0259530293
1767.30132374856,1754.1654384799,1759.29614868106,1720.2774045722,1865.96145777866,1828.33901956326,1760.63786248,1935.64554910054,1902.9789475658
1813.6887909662,1738.718628126,1739.33491922772,1687.12085915,1803.6975085165,1780.20052055604,1710.8873539406,1890.5109476616,1854.16700581006
1671.7921212934,1668.3956304802,1631.0495888486798,1595.328477229,1682.0489134642,1702.88309049446,1642.66027898852,1784.46157904212,1764.208963846
1593.3847953024,1547.6164943,1529.8243977480602,1501.31289624748,1574.9127168718,1588.9054911565,1531.99212815506,1680.74750384808,1631.90602205404
1414.8916997237,1491.4012754797,1561.70519920166,1611.81648189428,1545.2918598320002,1571.7414140657002,1558.44362834974,1529.4633080336,1502.6420051280002
1374.0759570713,1407.55900318982,1522.82517932014,1534.52557650804,1470.93816340532,1456.44641667546,1448.3009571056,1445.58422026572,1422.0680006008
1319.09412688872,1357.7223464319,1439.63815241394,1479.84994591534,1405.6281365558,1402.19291936598,1413.42693457234,1386.49909468588,1368.30199281358
1263.37139397698,1304.3536653082,1388.63041283202,1455.640034989,1369.9757296305402,1421.6054754788602,1361.78170869208,1352.99385409348,1339.3799987333
1358.8733560548,1281.30877141758,1380.17344172474,1449.5028948064,1356.74731479384,1381.22392756152,1340.04055606452,1354.8725654670002,1315.3159998181
1323.5597041206802,1318.52129558222,1406.36525255008,1435.51816733332,1398.1606778412602,1445.6718936969,1374.50329711498,1373.09244034212,1343.2280050874
1415.2835215967,1353.79551989252,1420.63258264476,1490.22687926268,1437.8834916701,1431.4747935093,1394.93089101868,1420.6414008283,1397.57699473434
1578.9945015112,1448.93441123254,1500.1973171393602,1554.0338703949,1505.6233575988,1524.1604767072,1475.9975918286,1500.82135702264,1517.05396745768
1456.86727018254,1531.99817641216,1568.03553298786,1620.7589089069402,1611.3751169066,1614.2357672030998,1573.24764045776,1610.5323054281,1610.68799983768
1627.8162782589202,1630.20742602384,1714.50188003946,1766.7175705169202,1723.9370383972,1672.3302934570402,1659.2591508361202,1705.9437364924,1703.27598176944
1726.5543559153,1659.6480975956,1771.88839205792,1880.019938926,1818.07113015552,1781.55284071888,1761.6934148278,1819.03534505552,1823.57001266786
1853.453188754,1748.315196058,1926.5895901662,1994.8979046064,1923.2504263116,1837.77387989094,1861.9222388443,1922.8859530794,1903.78795892926
1812.3915713021,1812.64580847446,2005.5535311222,2058.16453217748,1991.0994238358,1973.5905084344,1985.9207132638,2043.02106383112,1992.7050169561
1861.89255855656,1901.3401328594,2073.9566892462,2108.4218495995,2094.72896367988,1964.1587335944,2029.83339145674,2139.122013736,2022.2689853168
1993.6784357256,1899.7601352619,2124.279240189,2172.5000656175,2149.487323911,2010.4634887048,2105.3808034608,2199.372296601,2103.6109431839
1919.4324859312,1949.2902768687,2163.3655319344,2246.818682153,2213.4037271376,2086.1364765512,2168.02083159632,2247.6796384028,2168.030929556
1995.3683538217,1965.04347965546,2212.4370578724,2298.0574125626,2237.35633293508,2125.97369886072,2196.34318919588,2285.48427817194,2215.6349204162
1973.7105970174,2042.487519899,2167.87672529672,2220.4582739696,2222.98882967788,2122.3629069032,2184.1302504295,2304.14032880546,2230.80195066848
1962.01701945852,2051.7873726095,2145.42452553954,2239.601971906,2190.9829257238,2077.52528365346,2169.1350432724,2254.12334633006,2209.6790526348
1919.17500549054,1920.9518256459,2028.5482157133,2165.0925284762,2107.08213435508,2048.8026015586,2074.617790044,2157.37723147,2146.2359912682
1846.60891089492,1854.74569253068,1999.6146685854,2054.87412253446,2035.8542473224,1935.1209636014,2013.990586809,2073.3781603062,2086.1519916455
1839.51225416856,1811.2498532046,1976.2962707556,2010.42551616892,1953.29676509,1929.4994154226,1944.0331142662,2016.9698355382,2010.84098760374
1640.6905807908,1717.34755870824,1801.0491608098,1891.89738350072,1825.76135757432,1805.40327479932,1835.53379830408,1893.42978394452,1904.9690871194
1653.81061787274,1592.88608582494,1689.342059656,1726.2514346560802,1712.7740595322002,1700.9116391787402,1720.40103445356,1770.1384822638602,1760.15200335748
1508.59685610096,1626.20242795284,1664.1692661993402,1722.76150265348,1651.97659347704,1675.84229721526,1639.40524726674,1634.4874357155,1619.7960088454402
1516.396092397,1542.38017627052,1607.21033966108,1619.922969651,1571.6960959654002,1565.58202681568,1524.07278574484,1538.06415753514,1541.33002352616
1399.69221925724,1475.75503042212,1501.64942477876,1544.3742428084402,1502.92853473392,1500.3908263042,1501.5123835447,1470.5189928915202,1478.57197548688
1386.1549400913,1435.25683003306,1457.74372399546,1536.49622138948,1454.34076417684,1460.67064215236,1455.30943199656,1431.11545691284,1464.08801260094
1506.9377578193,1440.29073305826,1441.9126652383202,1494.48944543024,1432.11171880988,1432.2852774918802,1413.59349831352,1426.58089448758,1455.2599940689602
1413.91686092862,1413.2234326349,1463.3346452028,1511.99264566696,1464.2652002372,1476.8110385806,1455.46056829934,1450.5818512795,1479.13697035592
1534.1798090449,1470.21119796426,1499.7741670477,1575.29326619606,1495.08541789434,1508.01326064994,1516.56740708796,1507.69163362166,1515.7410047939402
1675.75446600346,1561.6422272031,1610.67138027904,1667.8297239898002,1569.8760088578,1615.3949288247,1594.22920211828,1598.1815014622002,1641.75500391568
1662.2404331822,1688.6674598496002,1662.89026143126,1763.0855658316,1688.9258168492602,1679.05202836792,1683.6262463223402,1731.2526244994,1724.86098417674
1775.59865593076,1803.4451471804,1814.39242240668,1923.6070105128,1819.3452261932,1823.52346738496,1787.18965855546,1840.23769439696,1807.05401070812
1870.21951843296,1858.8394684972,1895.2544466901,2082.57296618614,1924.77306188814,1934.463894975,1921.8346958707,1976.94732618726,1934.0279821843
1958.8114607267005,1975.14950367826,2082.91226464386,2285.8863908476,2056.5508571832,2031.3634602536,1992.728771705,2101.244146228,2070.7900322028
1970.5979360084,2064.2426624082,2173.96318283794,2380.12395163028,2145.05765053568,2225.3860256999,2142.6296522304,2228.2247620214,2098.326957876
2168.6799338396,2128.9770704936,2255.12658563674,2462.28798158994,2253.3650000768,2246.01617485732,2217.65107624092,2321.2993744476,2150.632986524
2146.7204654275,2200.5130504836,2305.12130351354,2551.9415069574,2309.32354489072,2321.56960005612,2286.9189773496,2397.06692547892,2204.13195937746
2195.05832901368,2239.2354475257403,2352.9187860074,2602.9270871278,2379.5889701414,2375.76676968426,2383.5683726896,2422.1035717917,2246.2050031971003
2145.8879973452,2252.254224512,2394.5272009635,2610.1166240458,2394.46324721886,2359.9799946878,2355.29471670808,2449.5429364482,2299.5529975284
2137.6925213188,2277.62611957992,2357.6574639614,2627.147990104,2371.61479020014,2386.7416915814,2313.0292155944,2447.38284963568,2318.5060438823
2171.42889298832,2256.5188593588,2327.5399485922,2655.4685595232,2322.6356009872,2323.3293097798,2314.88250675692,2391.9447704936,2273.21899130208
2034.25955859606,2151.87745486748,2169.27171635168,2558.5444505926,2236.8283639182,2207.76051042032,2184.8794454068,2282.00160407786,2205.7919517493
2018.7869423452,2049.59686919968,2122.60513521726,2473.3792929911,2153.73430485954,2151.44317247652,2094.3655247873,2196.89314231248,2133.0139753122
1965.049668162,1978.3276085822,2085.3502031282,2326.84581905128,2069.5536457333,2040.1665669788,2039.1897296292,2141.31071143428,2082.2129984672
1828.0937232927,1841.3160022164,1896.6968245246,2211.6701564033,1932.05691655454,1949.07115464988,1913.26911910332,1992.1539243128,1982.7910470102
1679.4607853608,1716.70309500026,1793.5514257474,2063.382056782,1799.77632701708,1776.51595739308,1783.7142423699,1858.12491513158,1836.49200000934
1486.5411941042,1666.46358925712,1692.6948101751,1803.60289273804,1714.47454892984,1714.79340603168,1685.18289238808,1704.44071830628,1688.39400850396
1461.8070658335,1577.4576130853202,1623.73971791116,1693.7859508183,1627.2269325808602,1599.769125123,1563.2939623891602,1604.44526935794,1597.18297804294
1383.2909588706,1495.7385770676,1542.8353908904,1625.15362510934,1552.8294783289,1511.1454163311,1522.76890423234,1535.02318152116,1546.58099762212
1386.3145614852,1469.11653355388,1488.79698362834,1601.75993086144,1508.95407142464,1479.0119029178,1466.7279804036,1487.60992989936,1514.6950420016
1454.2939909886,1456.3126187097,1463.2387496482002,1556.75081760894,1492.2404054104,1453.0874075251,1441.80579516504,1474.7857490111,1486.82898595508
1377.7205140815,1441.24318453648,1483.09091763076,1577.83372702104,1530.6540257792,1500.33651470856,1472.1232010486,1501.97406717,1496.5720093648
1508.9180799121,1504.27289574104,1540.99819335112,1658.69128085356,1564.37354998474,1557.3567828456398,1544.062924114,1550.46869456774,1573.39200972506
1642.6218155796,1600.1726928866,1639.79636789254,1748.67328794068,1645.24363861096,1670.9729243143602,1629.37993679666,1641.6653143988,1672.91301234906
1643.0558875964,1716.96501082946,1698.1375403179,1840.3814150106,1764.8886476946,1705.5666408106,1718.6315773938,1778.14700578674,1806.47197553212
1751.9517763813,1845.47033087864,1846.07792651508,2008.0280571792,1898.24016442472,1887.34457111708,1829.7485790288,1897.41602365292,1929.0119609627
1840.72015247056,1897.1614007946,1921.3819531472,2175.8023263382,1986.85659777692,1967.80024017928,1964.34200455012,2046.2332318178,2036.05298077888
1906.1927634834,2009.30900790826,2073.3928864974,2405.412748905,2121.3146299951,2077.57063681612,2056.9500421518,2179.4574020564,2132.84595648308
1951.1060688372,2114.43400999988,2157.73078277706,2501.850016967,2222.5796344055,2247.5704191514,2178.1276620534,2303.603927291,2247.3360272748
2063.3474327015,2187.9684393228,2247.65484931428,2563.7950390026,2325.41716813072,2301.6586675582,2240.51843187168,2394.5062512034,2350.21798501014
2078.9841057348,2233.3268613368,2273.0469928951,2669.5946584318,2374.4295438674,2357.2814201504,2285.0975403411403,2474.41577141506,2416.8640280251
2122.7252763938,2279.13941103752,2327.0511792938,2711.8865264402,2431.7000520678,2413.85220636346,2331.19391984606,2491.3158815286,2398.8020915506
2109.4315579116,2294.034532688,2366.44840404768,2740.1990315166,2432.2835773941,2345.2434600916,2314.2870777594,2506.81109547048,2443.50298912752
2080.33919582408,2350.0850460722,2344.05419743394,2670.8661072613,2403.712224445,2407.63670180626,2271.60121401168,2496.4003620081,2453.4300373337
2100.8213818223,2334.6441963195,2316.09882002532,2683.21102075072,2364.6140114972,2315.7432175702,2263.1102324152,2430.500744044,2433.88997694868
1989.3212362484,2212.8981279064,2156.8584838538,2514.78147114568,2279.0639568388,2205.28265343912,2167.292866878,2323.7900291902,2403.78995769712
1961.3640881906,2091.8723280236,2109.66815871688,2535.5044479012,2184.01948843426,2186.1238085632,2070.5370572754,2238.3478789447,2247.06404854828
1887.55669839508,2022.2500516424,2058.888815348,2349.7952556668,2104.1076891692,2013.541788601,1995.4348846498,2178.88453568754,2048.5689109292
1758.81274392374,1887.6873758108,1887.39137936768,2288.2944737324,1963.1757603318,1972.0049885152,1889.34449306912,2022.8190260893,1939.8289619904
1669.2723647920002,1755.99115309628,1798.06261910972,2115.03161286372,1833.6408516124,1782.43204692706,1742.5243843363,1886.21007586574,1801.0970209312
