True,Baseline,Proposed
1801.9660561452401,1803.5073942397598,1788.1072025745798
1681.64095750471,1733.44456628499,1670.77921717961
1602.13504023491,1687.03982525178,1603.8802096138002
1559.0749867986501,1661.67683977332,1575.7752263797101
1558.2410159023602,1667.3613190359501,1572.1290264854501
1614.34499947576,1772.3134079792599,1623.2113423302198
1725.2050155094498,1966.3101090498799,1715.1988711438198
1869.4949689956602,2128.5499361860498,1842.8779976554001
1979.9620516058098,2207.67045198156,1989.19742649819
2088.61597644184,2330.82994028852,2127.93328713212
2203.83602030671,2469.6881532536004,2258.94029662499
2322.8499572218,2617.1978644051997,2348.3029243873
2446.20808813698,2768.7346577558,2464.3031442931497
2577.58603776158,2821.67605952745,2557.9649417367
2689.5159588174,2955.56529493332,2650.9058479487003
2786.44792777332,3055.01450827925,2721.27892526191
2882.5748819933997,3043.9115782015,2806.36785806911
2908.2551466495997,3011.8833867174,2850.97263060822
2871.76690304828,2949.6764153057097,2806.61487252918
2739.6338838802,2784.2598463032,2704.15796773341
2596.6078584288,2663.7777818403,2575.596732801
2462.5040126823,2565.63470892031,2452.8088876077
2244.99795558131,2358.01291250842,2228.2534281386597
2025.70903587985,2143.0429129329,2030.4908193937
1832.8089531447,1858.2033384827,1780.4627427404498
1718.53100549202,1747.66726321742,1673.94584949629
1632.2210934984,1673.6451406069,1607.9629612865901
1583.73900738671,1636.0727649681999,1582.1748056418
1590.05399448989,1623.9811410189,1580.9811088493302
1643.6730038914,1712.3389398006002,1641.0626646086603
1749.8949794782598,1859.3536177721599,1723.6146695318098
1894.61599478888,2004.58406065472,1852.80691443472
2046.70004283432,2155.86547071275,1998.74365330495
2193.61098075821,2333.72381561636,2143.57373124071
2338.6529910082,2502.185334111,2282.38819194948
2503.7359113966,2673.4297237392,2396.5920921722
2668.43098661162,2816.0669332326497,2530.8311782519
2770.5439993422997,2898.4485487261,2643.9921880438
2859.490963932,3011.4619323127,2745.2982444695
2907.58108740472,3096.1642250583996,2835.66600249039
2953.6928858251,3106.5094410416,2911.233781513
2980.5729063085,3145.6988090206196,2949.5821153010997
2832.6179732678997,3083.611645815,2892.5830014035
2639.17990850432,2928.35798614851,2777.37915959835
2530.0950557452,2780.42973294592,2642.4995230791
2437.40809338658,2654.70543180502,2500.1259318094003
2272.30803362922,2461.26830435068,2278.36780481648
2079.30200147462,2236.2308670803,2065.55478812951
1905.983011745,1898.45953175349,1827.51506403251
1771.6050030458,1783.1097040342102,1724.9896017608999
1696.60201979095,1695.6014756525801,1655.20384911254
1645.1710249089,1629.5561224771,1624.4511346520999
1623.36496061959,1617.47199700172,1622.8680862964002
1632.5640482542499,1617.8651982279,1690.5278542117899
1670.7110279324,1664.79787869054,1762.54918982354
1796.4169176418,1815.2943257354,1873.5024011759501
1993.32597242242,2055.60879893189,2008.3103335383398
2136.21401256356,2273.39206524061,2143.26913921304
2253.66796562532,2509.08413096938,2270.51355508924
2311.0830439735,2700.9069441098,2381.58162029888
2364.16397092059,2843.0164150257997,2508.87621569475
2466.87307885258,2952.6270313178998,2620.0523057943
2575.3439940595,3099.40420182311,2703.01806579625
2701.9550566921,3199.6670665400197,2790.3918572526
2803.21310949458,3239.48198801075,2841.4521128549
2825.7959353412098,3265.05516508628,2870.6723936586
2790.8240237628997,3217.72600281512,2807.09253201295
2669.31707859672,3074.6195026704,2696.99849848032
2569.1480452298,2899.6958395219,2574.585777835
2484.3319363621,2744.0141308107,2434.2665675673998
2314.10794174296,2545.0317479912,2220.5021485265
2159.8739741036,2299.62366858191,2015.5163000247999
2004.8179862607599,2011.15593744032,1946.3837180154
1880.18401009329,1884.15334734804,1835.9347790341099
1789.7669763866402,1802.53011545574,1766.65088853311
1748.78001666195,1756.97035870239,1729.9380254674902
1723.5610085778198,1726.50754059975,1742.2089767595999
1724.16497048168,1746.5141720002403,1826.1610873599998
1744.3390120075,1799.7194597982798,1919.7585117439603
1892.81197577985,1897.07408827078,2051.3547205201603
2142.32697605019,2062.2184024144,2219.58181127881
2386.9600011439898,2261.43253494349,2386.6977888841
2589.8819951252,2377.2439539881398,2559.0133890723
2776.8960771111197,2497.9368795547102,2717.2154553792
2952.6310483575,2614.17420522295,2872.0063855591
3097.6029947417996,2732.37328565518,3006.1293122437
3189.1349243141,2804.5830538994996,3101.17163229645
3232.576864315,2888.0504417214997,3185.0090898915996
3305.6169211693095,2996.20267178682,3233.8850802114002
3362.3059530851197,3044.96283746482,3263.5442225914
3347.37505207121,2998.0567364142,3212.9465960497
3250.5969692073,2881.0517544783997,3075.1517604173996
3099.7390555490997,2759.4348763285,2933.0399462283
2940.6438674377996,2597.2161051749,2773.40932021365
2708.8720641299997,2380.53688872491,2522.86056827758
2460.8258943893998,2171.0018433022,2299.01910412211
2251.270998096,2279.7382513513503,2218.85034184298
2099.139013378,2159.46098895739,2076.6014127022
2024.9020460995403,2107.33494579855,1990.0697601226598
1978.13195531471,2066.81242280228,1939.4211841287001
1972.1080027305502,2057.29170419698,1939.1232536917
2017.2140013857502,2129.70349605785,2009.78954142038
2120.19894603694,2278.3562223523,2129.87679784126
2333.7960553785,2392.9573408408,2301.53594680816
2551.250125292,2582.7564363814,2501.2125410211997
2709.8010045375,2772.45259528225,2685.78597017215
2929.8119201564,2992.41701366778,2872.61510095982
3072.5590961088997,3122.8273254033998,3034.1900076162
3189.69004571149,3234.4528218082,3179.99636007608
3291.11299798955,3334.76446008092,3294.7258229798
3386.29805684942,3418.28949242118,3369.6154922426
3480.83208749145,3433.0515773458997,3422.32993127685
3629.8220107849897,3439.3954871342,3477.7424819090998
3670.8020745917,3402.1672378879002,3502.2480972356
3609.1520657205497,3323.7994818381,3456.6438517686797
3380.62408884041,3195.1239956044,3291.0274685214
3080.8609779488997,3010.64891697299,3141.4983246122197
2838.0091751644,2794.9749646829,2970.5858763562997
2613.01294602525,2608.1273889884,2687.0926796787
2390.14598220141,2372.55653742956,2441.3912894279497
2208.2659111516,2233.78803834888,2164.8636059414202
2066.94401432451,2090.75792890722,2037.6527992965403
1960.2930523837,2014.6015866325502,1952.84331854418
1885.9529810888398,1963.00030274679,1907.05850714724
1849.91203484698,1940.3765700469003,1899.5613387651101
1849.5979693009199,2017.6162744263602,1961.87867833981
1903.2960139565598,2143.20667424726,2074.19995947866
2067.1169813546203,2268.74873569164,2247.5910550691
2287.87503286379,2432.8582604343,2419.64568158462
2531.78207847588,2591.9280072948,2591.0784034194
2759.7020094619,2752.9112040181,2761.2525867475
2924.5700182317,2880.7806043053997,2905.30486539071
3045.2428920755997,3006.2325501614196,3041.81287586248
3135.74194034075,3103.4906357822,3145.8322416859996
3190.67693191522,3189.97538942441,3215.1624620437196
3249.5150465417,3254.4623655623996,3265.7303624923798
3327.20911157525,3294.77894832851,3305.0017450299
3419.90906236191,3325.2201748433,3315.6114161201
3392.4771341128,3261.9364024915,3256.1222732757797
3219.1281504875,3146.2544994986197,3114.3089920796197
3038.0130576788497,2966.6786358387,2956.25666092381
2857.42399620582,2814.5627192791,2788.7914017252997
2715.0271730571003,2619.4236390969,2546.2351861047
2495.70193262259,2383.85794273888,2308.7089735699
2281.0829888327803,2289.41419506186,2295.65135202279
2104.03196846278,2161.861739199,2162.02961797895
2004.98201537776,2097.09286730708,2069.80036380742
1935.2370356813399,2034.49158998332,2016.79478982816
1925.18097959868,2019.40593251882,2012.5118222066399
1972.3890281259,2094.4069407292,2058.2204437525
2112.60101691151,2184.84298842329,2163.53764812012
2322.86595842954,2375.25953642574,2358.4452798707002
2566.4901040278,2523.7630296990496,2581.9806790839802
2802.5630185859795,2721.3992021226,2800.9851254311
3015.84904168585,2870.19580538539,3019.1465290675
3204.7461444595997,3057.00598913628,3221.4773487209095
3324.6320132951996,3235.31802518738,3376.4749221128995
3403.9628545891,3331.0969029261196,3513.3742926676996
3468.3951655132,3399.7777688324995,3581.3951589678
3513.7810179271996,3475.46937310078,3643.1310320604
3531.8319201230997,3470.4642756605,3675.4370687835
3535.3059898704996,3434.00314707648,3671.7701811353
3507.8890250939,3364.5423059811,3596.1798732156
3415.0050269429,3211.02223322932,3412.1966810832096
3230.1278091721997,3054.6252236666796,3235.1052559899
3084.9409511692998,2845.1535805189897,3049.1521411129997
2815.76304418691,2624.8145062401,2786.5144097786997
2534.2978834267,2400.1237394872,2527.7494393721
2314.3579355074,2403.3688379774,2321.8095439654
2148.80595879504,2274.4904912439,2176.43468850922
2042.6269655319002,2210.5106663554097,2082.20642153141
1970.9809553201103,2156.4939700335,2027.6112715071
1947.21102732102,2157.91784319505,2016.76198400476
2000.0739963944802,2233.59880230839,2060.69246297168
2130.39198316996,2374.98319757659,2165.45672183836
2345.8769672221997,2560.41721051118,2354.26196830659
2556.56992430961,2763.339773573,2572.5287188065
2797.9679939382,2968.79983359948,2783.9766450114
3011.62294865,3142.91637306635,2989.0351349792
3209.0129100214,3309.14518747598,3172.1632667574
3307.7259673853,3421.7804337349,3321.7467746025
3408.6500702957,3516.55766264938,3445.0032744157998
3495.38608976489,3578.21319494998,3517.5192080282995
3523.55096036435,3596.73342127248,3574.5615051016
3505.1729707190198,3617.1133360778,3606.9067079608
3459.8010440423,3598.2088129668996,3612.4237770981
3403.4190143779197,3493.38503496348,3533.0095822324997
3268.6329079306897,3388.0165463902995,3356.4807770105
3131.1479534282,3225.61017948738,3190.9660248651
3006.758983201,2991.5672089403997,3013.77253349062
2771.5620845535896,2772.61461587945,2750.87238904445
2518.1959149433997,2528.8939609048,2491.83727272475
2317.0470087663,2362.01026861438,2271.10657056019
2166.14497462316,2244.87493374356,2140.28210204181
2068.26297580184,2152.54401499482,2047.98090938611
2008.5320071736,2116.0537628737,1998.58273739364
1982.31198629648,2097.6038347442,1984.6493677384
2033.56994719776,2147.67114510804,2032.2593210776
2146.84999526314,2280.9247844232,2110.14781082779
2323.00903198996,2429.1374775048,2278.7745300759802
2518.8918670541,2599.1161649057,2477.88344964288
2716.1670080436,2783.013225014,2668.2591242674002
2930.88600959478,2959.40320804249,2848.01203894769
3116.12707072725,3100.5257258040997,3005.8231468755203
3272.0620203098997,3213.3710632341,3140.6231455847
3368.90196558365,3299.473963787,3253.7155309501
3418.4409348141,3370.9192224447797,3323.0780884765995
3388.48908414858,3414.24322885809,3368.5611867242496
3315.1410877336,3419.4154016704,3382.3481687614
3264.3009659013796,3433.9345226499795,3389.36044698848
3203.8560354348997,3368.5971727039996,3329.3235807947
3049.8229867262,3243.6501687256996,3197.6744809971
2962.5859419928997,3070.80716471335,3062.53969551259
2839.66098184792,2915.4212105426996,2906.5375274673
2643.2780253535802,2724.19820836522,2670.1519198515903
2417.7598823444,2503.9275241855203,2441.71034279818
2218.83996449068,2250.92954973,2224.30444388455
2073.09396805079,2138.11042348339,2103.83242202065
1973.74802609791,2010.77642762411,2016.9094428334101
1905.2869926836402,1968.1538298002902,1970.50798238254
1866.0850379805402,1927.37589003612,1966.8528780504998
1871.12203741031,1925.14077572735,2017.95544646992
1901.92205251204,1992.4193265846998,2087.0604448074
2067.71297612994,2135.59645967572,2237.90891842254
2332.2029644238,2285.9855848126,2424.46348455355
2599.3280637446,2494.16129751,2613.11270250865
2810.02400013638,2604.58285367135,2768.90956635505
2973.17606349038,2729.9153260745998,2923.1155151432
3098.4268226131,2876.168373338,3046.7221669082996
3207.159046246,2930.4359003075997,3151.0199135761
3302.9028418389,2970.90205084815,3184.3265279129
3217.1050689189497,3025.4200402368097,3225.1195650509
3123.4020968194995,3005.4417289655,3210.1716585693503
3035.24300759668,3034.10849518765,3197.451200546
2987.6348619253,2975.9030977735,3115.3502756946
2883.9890138339197,2869.8484318859796,3006.3870722847
2779.977012583,2743.991032833,2879.62215703542
2686.6869586791,2630.57684912031,2737.7535745941
2514.92490654778,2449.8319265108,2530.6032112546
2320.54903041425,2255.5916589391,2321.304735989
2145.48202590269,2188.1562761607,2149.50981108362
2010.6560168621,2091.6927609728,2046.72109881689
1923.37294355005,1999.71735022866,1972.3153154492402
1871.02495895331,1958.59022929726,1933.2427428965898
1853.8210160817403,1944.5464245283501,1940.24049283045
1855.02097276092,1979.0129925249803,1995.7199941227
1876.9769730533003,2120.87206797258,2089.42366920408
2004.2329713936801,2239.07245394268,2218.38744497974
2187.467019116,2362.95892599125,2368.0472765772397
2387.31795284768,2521.01273006158,2536.0352530537
2525.0151744177,2661.91936542002,2666.88184876521
2661.517862312,2772.8206565356,2802.7178085119
2783.0390010181,2961.3794910997,2911.0158571147
2884.6168771233997,3039.3209722972797,3005.09944371625
2985.3230556354997,3094.1550357518,3019.4344169055
3089.0199201297996,3175.6825282002997,3057.95280537
3043.4221688769,3155.7278839872997,3040.5847999060998
2877.83099255311,3161.0725551750998,3022.3967827585197
2709.70606850162,3120.9209053598997,2927.5212033244998
2519.4609476641,2968.96623946491,2823.8489431977496
2408.56106251238,2861.19368659245,2710.1344188243
2346.33999798676,2748.3423570783802,2556.9834450611
2185.4320538053003,2559.22244250815,2380.10689811106
2004.23598417338,2301.1669817209,2179.3509253575003
1851.1790426121502,1953.809215716,1890.5461980688
1760.1640056103802,1856.7299218327498,1774.9430960027403
1698.94696665745,1795.6682084110198,1699.91028622886
1669.40000010828,1755.17551193378,1666.74225975826
1679.35994851851,1759.0139271729,1665.8630636911398
1744.8900159393002,1821.79349410424,1716.16999046712
1866.5190121586602,1949.1979890085,1765.28211576474
2013.37699211049,2006.1232228527901,1893.30938570832
2126.37695208976,2131.54353452196,2042.4771299548202
2263.67501382486,2257.7213594337,2200.2140900267
2393.2720089428,2402.48920673099,2342.2999273597197
2497.40391882578,2531.8063146147997,2463.4650894066
2573.4650237866,2620.14248833332,2597.4671701498996
2712.1389215847,2705.969753019,2695.83663672668
2820.8560813190998,2806.4971732688996,2811.05795265409
2969.02110553078,2849.94667869438,2896.41545803388
3078.0329820705,2894.18235224491,2975.66800053091
3177.8709778990496,2902.82631848218,3026.6252525428
3211.0599264508996,2825.6584521609,2996.03964692972
3107.0360079825,2696.89274991285,2884.1673034415
2916.4800352305997,2623.7064728171,2770.31583149302
2737.8399409454996,2497.2202731653997,2630.131392904
2485.9949907564996,2334.6339428884,2404.6161287731998
2219.30895386398,2137.51104769974,2215.36187770368
2020.82197245315,2076.10473923099,2024.0145481505801
1880.55903421528,1971.77837115604,1893.61136666025
1798.13597626329,1898.039315936,1815.7192280990898
1740.13705468458,1856.4991094324,1780.4009807566
1735.67198126786,1866.70295909701,1780.83937367828
1767.5089616669998,1914.3266373215101,1836.8706488349198
1895.4699839325099,2056.8152163497602,1903.7806697843002
2090.6469916636,2174.42312245419,2046.2090936445402
2265.32404205599,2327.29129662955,2238.6169886027
2445.77793014648,2491.6683896849,2438.35246592121
2593.9951089223,2683.0930472503,2628.12444644451
2725.2150549893,2857.6946777241997,2789.58731117138
2846.66301662402,3021.8223126203898,2969.34852773351
2961.6949960849497,3158.7584056121996,3104.4674459116
3099.5351907894,3295.0917083367,3223.29164465625
3221.2541686957998,3392.9411021866,3314.6533521755
3325.0869430299,3443.77486370612,3388.2456850241497
3407.8349460102,3436.78795977918,3437.7197121144
3391.0058933593,3340.2435681939996,3375.8864258115
3256.92497821385,3181.6352787575497,3236.87395852578
3029.6969488236,3058.9788242345,3089.0779998273497
2836.2590849119997,2883.0860502825,2927.3407712958
2560.45292868829,2653.0315314037,2674.3904657102
2287.38200820355,2392.2506766245,2442.1721015002004
2067.25697518468,2149.32442470608,2083.29426933042
1916.38895197682,2006.3366280815403,1949.23454406886
1831.38203372812,1951.27422940109,1868.5736609634
1779.10595414022,1866.25810543664,1833.4073581437801
1769.4830018771,1872.69132740538,1842.0210292074003
1828.29902278578,1973.3484310837002,1905.3806566569801
1942.49897291956,2103.54898640154,2002.2487881585903
2152.53902717065,2255.52229805534,2154.2685300951002
2346.9019818268002,2462.56744843265,2344.3618737864
2552.3869474988,2601.14898779528,2556.2269026031
2761.9689588095002,2790.8359409803797,2762.97378779011
2956.39993533621,2968.4103146596,2932.9453449457196
3107.36999134991,3086.0697392969,3137.00195176195
3252.9589884920997,3192.32703135691,3281.3151371271797
3375.5168581683,3321.80686281985,3406.65577751095
3448.7980378245998,3403.0817839035,3502.9788636894996
3489.20289503592,3431.47709867468,3566.1548454787
3544.93101760408,3492.07313678078,3608.5326047389
3531.0191391107,3400.69087540891,3539.7115441504798
3401.37005637928,3291.23150065775,3371.5363066779996
3174.5420237072,3145.8449623113997,3208.5588841206095
3009.1461089833,2972.9495694076,3029.1573265039997
2741.60708720705,2759.5687776484997,2764.7939419082
2466.1769258899003,2508.7023113554,2513.6787539132
2247.0959549384,2368.51686850648,2217.22739089392
2094.2740436691,2212.94690044682,2073.16188949536
1998.9770098303798,2137.2623929485003,1987.8069951913099
1938.2550040574897,2079.58383027789,1946.3485689189001
1931.8369464132402,2063.93729365924,1958.4111697570897
1990.9019903017902,2152.50521708735,2026.6234814694599
2133.44694178576,2309.6928135186,2149.54291818499
2351.52104176152,2495.6496106818,2320.37522650089
2571.36796173875,2704.44347882298,2525.2498364810003
2809.6739820858998,2898.89062393408,2754.0137474869803
3039.40797467995,3122.098232716,2985.97803394228
3230.8070236178996,3309.81161434562,3177.42602381269
3374.3740104021,3447.6310878207996,3389.1925347332
3483.12009282162,3579.3320743799,3545.23788595419
3583.7501484332997,3666.08255519165,3672.2587535766497
3622.5038684677,3720.44588855571,3756.3355597813
3693.52288574859,3741.8038186023095,3814.8629898700497
3733.6499981469,3758.0796244743,3845.0532183604996
3726.3589038962496,3668.42181125205,3787.26659732465
3613.3539560928098,3528.6601326055998,3603.148767415
3416.21097570615,3355.57844949035,3425.2953433848998
3280.2028858126,3158.9097141038,3228.6307924146
3045.23301685325,2930.6745794105,2946.26146299109
2823.5110097414,2661.2070438729497,2680.0454532071
